{"cameraMode":{"drawMode":0,"name":"Shaded","section":"Shading Mode"},"sceneLighting":true,"audioPlay":false,"sceneViewState":{"showFog":true,"showMaterialUpdate":false,"showSkybox":true,"showFlares":true,"showImageEffects":true,"showParticleSystems":true,"showVisualEffectGraphs":true,"m_FxEnabled":true},"in2DMode":false,"pivot":{"x":32.335968017578128,"y":1.7531441450119019,"z":-0.022420883178710939},"rotation":{"x":0.009430179372429848,"y":0.8932273983955383,"z":-0.018762309104204179,"w":0.44912979006767275},"size":10.776176452636719,"orthographic":false}