{"cameraMode":{"drawMode":0,"name":"Shaded","section":"Shading Mode"},"sceneLighting":true,"audioPlay":false,"sceneViewState":{"showFog":true,"showMaterialUpdate":false,"showSkybox":true,"showFlares":true,"showImageEffects":true,"showParticleSystems":true,"showVisualEffectGraphs":true,"m_FxEnabled":true},"in2DMode":false,"pivot":{"x":20.711944580078126,"y":1.4754575490951539,"z":10.687272071838379},"rotation":{"x":0.10340695828199387,"y":0.06441675126552582,"z":-0.006714904215186834,"w":0.9925380349159241},"size":1.4850881099700928,"orthographic":false}