{"cameraMode":{"drawMode":0,"name":"Shaded","section":"Shading Mode"},"sceneLighting":true,"audioPlay":false,"sceneViewState":{"showFog":true,"showMaterialUpdate":false,"showSkybox":true,"showFlares":true,"showImageEffects":true,"showParticleSystems":true,"showVisualEffectGraphs":true,"m_FxEnabled":true},"in2DMode":false,"pivot":{"x":-0.9700207114219666,"y":1.659061312675476,"z":3.535320281982422},"rotation":{"x":-0.06146044656634331,"y":0.005387870129197836,"z":0.0003319166717119515,"w":0.9980970025062561},"size":5.8535847663879398,"orthographic":false}