{"cameraMode":{"drawMode":0,"name":"Shaded","section":"Shading Mode"},"sceneLighting":true,"audioPlay":false,"sceneViewState":{"showFog":true,"showMaterialUpdate":false,"showSkybox":true,"showFlares":true,"showImageEffects":true,"showParticleSystems":true,"showVisualEffectGraphs":true,"m_FxEnabled":true},"in2DMode":false,"pivot":{"x":9.43012523651123,"y":1.4131543636322022,"z":-0.20776128768920899},"rotation":{"x":0.0017172007355839015,"y":-0.8193750977516174,"z":0.002461019204929471,"w":0.5733000636100769},"size":7.913851737976074,"orthographic":false}