{"cameraMode":{"drawMode":0,"name":"Shaded","section":"Shading Mode"},"sceneLighting":true,"audioPlay":false,"sceneViewState":{"showFog":true,"showMaterialUpdate":false,"showSkybox":true,"showFlares":true,"showImageEffects":true,"showParticleSystems":true,"showVisualEffectGraphs":true,"m_FxEnabled":true},"in2DMode":false,"pivot":{"x":20.663820266723634,"y":1.9699934720993043,"z":10.979201316833496},"rotation":{"x":0.03779733180999756,"y":-0.014678742736577988,"z":0.0005528789479285479,"w":0.9991872906684876},"size":0.6149119138717651,"orthographic":false}