{"cameraMode":{"drawMode":0,"name":"Shaded","section":"Shading Mode"},"sceneLighting":true,"audioPlay":false,"sceneViewState":{"showFog":true,"showMaterialUpdate":false,"showSkybox":true,"showFlares":true,"showImageEffects":true,"showParticleSystems":true,"showVisualEffectGraphs":true,"m_FxEnabled":true},"in2DMode":false,"pivot":{"x":23.2436466217041,"y":1.8742921352386475,"z":3.5934736728668215},"rotation":{"x":0.003464462235569954,"y":-0.9692261815071106,"z":-0.013669848442077637,"w":-0.24582043290138246},"size":1.6667282581329346,"orthographic":false}